{
  "feature_cols": [
    "speed_mean",
    "speed_max",
    "temp_mean",
    "temp_max",
    "duration_sec"
  ],
  "rul_best_model": "xgb",
  "mae": {
    "brake_wear": 0.0446476874981976,
    "soc_drop": 0.004963333333333509,
    "rul": 2.0879671573638916
  }
}