{
  "feature_cols": [
    "speed_mean",
    "speed_max",
    "temp_mean",
    "temp_max",
    "duration_sec"
  ],
  "rul_best_model": "xgb",
  "mae": {
    "brake_wear": 0.05095223100840379,
    "soc_drop": 0.004690000000000266,
    "rul": 2.6671347618103027
  }
}